{"cameraMode":{"drawMode":0,"name":"Shaded","section":"Shading Mode"},"sceneLighting":true,"audioPlay":false,"sceneViewState":{"showFog":true,"showMaterialUpdate":false,"showSkybox":true,"showFlares":true,"showImageEffects":true,"showParticleSystems":true},"in2DMode":false,"pivot":{"x":-55.732574462890628,"y":2.8001174926757814,"z":8.121983528137207},"rotation":{"x":0.29064372181892397,"y":-0.162599116563797,"z":0.05019019916653633,"w":0.9415777921676636},"size":90.1943130493164,"orthographic":true}