{"cameraMode":{"drawMode":0,"name":"Shaded","section":"Shading Mode"},"sceneLighting":true,"audioPlay":false,"sceneViewState":{"showFog":true,"showMaterialUpdate":false,"showSkybox":true,"showFlares":true,"showImageEffects":true,"showParticleSystems":true},"in2DMode":false,"pivot":{"x":355.3108215332031,"y":2.2247416973114015,"z":81.5087890625},"rotation":{"x":-0.06925095617771149,"y":-0.009878805838525296,"z":0.000685845734551549,"w":-0.9975501298904419},"size":22.333633422851564,"orthographic":false}