{"cameraMode":{"drawMode":0,"name":"Shaded","section":"Shading Mode"},"sceneLighting":false,"audioPlay":false,"sceneViewState":{"showFog":true,"showMaterialUpdate":false,"showSkybox":true,"showFlares":true,"showImageEffects":true,"showParticleSystems":true},"in2DMode":false,"pivot":{"x":0.0,"y":0.980003833770752,"z":-24.100000381469728},"rotation":{"x":0.23618537187576295,"y":0.021861281245946885,"z":-0.0053160591050982479,"w":0.9714475870132446},"size":1.4289418458938599,"orthographic":false}