{"cameraMode":{"drawMode":0,"name":"Shaded","section":"Shading Mode"},"sceneLighting":false,"audioPlay":false,"sceneViewState":{"showFog":true,"showMaterialUpdate":false,"showSkybox":true,"showFlares":true,"showImageEffects":true,"showParticleSystems":true},"in2DMode":false,"pivot":{"x":-3.4295554161071779,"y":0.5000001192092896,"z":3.2219011783599855},"rotation":{"x":0.5117883682250977,"y":0.47279831767082217,"z":-0.41217443346977236,"w":0.5870662331581116},"size":2.865267753601074,"orthographic":false}