{"cameraMode":{"drawMode":0,"name":"Shaded","section":"Shading Mode"},"sceneLighting":false,"audioPlay":false,"sceneViewState":{"showFog":true,"showMaterialUpdate":false,"showSkybox":true,"showFlares":true,"showImageEffects":true,"showParticleSystems":true},"in2DMode":false,"pivot":{"x":11.956878662109375,"y":20.112913131713868,"z":1.191950798034668},"rotation":{"x":0.23912203311920167,"y":-0.017488788813352586,"z":0.0042533897794783119,"w":0.9708226919174194},"size":60.3206672668457,"orthographic":true}