{"cameraMode":{"drawMode":0,"name":"Shaded","section":"Shading Mode"},"sceneLighting":true,"audioPlay":false,"sceneViewState":{"showFog":true,"showMaterialUpdate":false,"showSkybox":true,"showFlares":true,"showImageEffects":true,"showParticleSystems":true},"in2DMode":false,"pivot":{"x":-60.79850387573242,"y":21.241294860839845,"z":11.84729290008545},"rotation":{"x":-0.009068356826901436,"y":0.8417816758155823,"z":-0.5395565032958984,"w":-0.014148270711302758},"size":15.978273391723633,"orthographic":false}