{"cameraMode":{"drawMode":0,"name":"Shaded","section":"Shading Mode"},"sceneLighting":false,"audioPlay":false,"sceneViewState":{"showFog":true,"showMaterialUpdate":false,"showSkybox":true,"showFlares":true,"showImageEffects":true,"showParticleSystems":true},"in2DMode":false,"pivot":{"x":-0.5379999876022339,"y":0.046000003814697269,"z":-0.18900001049041749},"rotation":{"x":-0.3751406967639923,"y":-0.16903480887413026,"z":0.06978093087673187,"w":-0.9087504148483276},"size":0.4485691785812378,"orthographic":false}