{"cameraMode":{"drawMode":0,"name":"Shaded","section":"Shading Mode"},"sceneLighting":true,"audioPlay":false,"sceneViewState":{"showFog":true,"showMaterialUpdate":false,"showSkybox":true,"showFlares":true,"showImageEffects":true,"showParticleSystems":true},"in2DMode":false,"pivot":{"x":339.31036376953127,"y":0.5600007772445679,"z":120.54510498046875},"rotation":{"x":0.14298924803733827,"y":-0.13759133219718934,"z":0.020072443410754205,"w":0.9799080491065979},"size":105.79686737060547,"orthographic":true}