{"cameraMode":{"drawMode":0,"name":"Shaded","section":"Shading Mode"},"sceneLighting":true,"audioPlay":false,"sceneViewState":{"showFog":true,"showMaterialUpdate":false,"showSkybox":true,"showFlares":true,"showImageEffects":true,"showParticleSystems":true},"in2DMode":false,"pivot":{"x":-52.09345245361328,"y":-38.65338897705078,"z":37.76268005371094},"rotation":{"x":-0.19082233309745789,"y":-0.0014726301888003946,"z":0.0002862234541680664,"w":-0.9816234707832336},"size":145.509765625,"orthographic":false}