{"cameraMode":{"drawMode":0,"name":"Shaded","section":"Shading Mode"},"sceneLighting":false,"audioPlay":false,"sceneViewState":{"showFog":true,"showMaterialUpdate":false,"showSkybox":true,"showFlares":true,"showImageEffects":true,"showParticleSystems":true},"in2DMode":false,"pivot":{"x":0.0000011920928955078126,"y":1.000000238418579,"z":0.0},"rotation":{"x":-0.05683942139148712,"y":0.06733924150466919,"z":0.003842501202598214,"w":0.9961023926734924},"size":8.083317756652832,"orthographic":false}