{"cameraMode":{"drawMode":0,"name":"Shaded","section":"Shading Mode"},"sceneLighting":true,"audioPlay":false,"sceneViewState":{"showFog":true,"showMaterialUpdate":false,"showSkybox":true,"showFlares":true,"showImageEffects":true,"showParticleSystems":true},"in2DMode":false,"pivot":{"x":356.9470520019531,"y":202.84408569335938,"z":0.0},"rotation":{"x":0.0674365982413292,"y":-0.018854010850191118,"z":0.0012745786225423217,"w":0.9975446462631226},"size":931.2083129882813,"orthographic":false}