{"cameraMode":{"drawMode":0,"name":"Shaded","section":"Shading Mode"},"sceneLighting":false,"audioPlay":false,"sceneViewState":{"showFog":true,"showMaterialUpdate":false,"showSkybox":true,"showFlares":true,"showImageEffects":true,"showParticleSystems":true},"in2DMode":false,"pivot":{"x":0.0000011920928955078126,"y":1.000000238418579,"z":2.384185791015625e-7},"rotation":{"x":-0.00441863015294075,"y":-0.18934787809848786,"z":-0.0008520644623786211,"w":0.9818997383117676},"size":8.083319664001465,"orthographic":false}