{"cameraMode":{"drawMode":0,"name":"Shaded","section":"Shading Mode"},"sceneLighting":true,"audioPlay":false,"sceneViewState":{"showFog":true,"showMaterialUpdate":false,"showSkybox":true,"showFlares":true,"showImageEffects":true,"showParticleSystems":true},"in2DMode":false,"pivot":{"x":-84.63323974609375,"y":6.985100269317627,"z":-13.229241371154786},"rotation":{"x":0.029995450749993326,"y":0.0014991095522418619,"z":0.00004493323285714723,"w":-0.9995489120483398},"size":61.46709060668945,"orthographic":false}