{"cameraMode":{"drawMode":0,"name":"Shaded","section":"Shading Mode"},"sceneLighting":false,"audioPlay":false,"sceneViewState":{"showFog":true,"showMaterialUpdate":false,"showSkybox":true,"showFlares":true,"showImageEffects":true,"showParticleSystems":true},"in2DMode":false,"pivot":{"x":5.960464477539063e-7,"y":0.0,"z":6.109476089477539e-7},"rotation":{"x":0.0179945956915617,"y":0.020106349140405656,"z":-0.0003705211856868118,"w":0.9996358752250671},"size":4.68946647644043,"orthographic":false}