{"cameraMode":{"drawMode":0,"name":"Shaded","section":"Shading Mode"},"sceneLighting":true,"audioPlay":false,"sceneViewState":{"showFog":true,"showMaterialUpdate":false,"showSkybox":true,"showFlares":true,"showImageEffects":true,"showParticleSystems":true},"in2DMode":false,"pivot":{"x":-80.42825317382813,"y":6.985100269317627,"z":18.55529022216797},"rotation":{"x":-0.05683942139148712,"y":0.06733924150466919,"z":0.003842501202598214,"w":0.9961023926734924},"size":60.58327102661133,"orthographic":false}