{"cameraMode":{"drawMode":0,"name":"Shaded","section":"Shading Mode"},"sceneLighting":true,"audioPlay":false,"sceneViewState":{"showFog":true,"showMaterialUpdate":false,"showSkybox":true,"showFlares":true,"showImageEffects":true,"showParticleSystems":true},"in2DMode":false,"pivot":{"x":669.5,"y":-48.5,"z":0.00000667572021484375},"rotation":{"x":-0.015599126927554608,"y":0.017996836453676225,"z":0.00028102012583985925,"w":0.9997164011001587},"size":1475.8048095703125,"orthographic":false}