{"cameraMode":{"drawMode":0,"name":"Shaded","section":"Shading Mode"},"sceneLighting":true,"audioPlay":false,"sceneViewState":{"showFog":true,"showMaterialUpdate":false,"showSkybox":true,"showFlares":true,"showImageEffects":true,"showParticleSystems":true},"in2DMode":false,"pivot":{"x":-84.18684387207031,"y":7.185100555419922,"z":-13.066011428833008},"rotation":{"x":-0.04964069649577141,"y":-0.28995954990386965,"z":0.015061023645102978,"w":-0.9556319713592529},"size":60.253082275390628,"orthographic":false}