{"cameraMode":{"drawMode":0,"name":"Shaded","section":"Shading Mode"},"sceneLighting":false,"audioPlay":false,"sceneViewState":{"showFog":true,"showMaterialUpdate":false,"showSkybox":true,"showFlares":true,"showImageEffects":true,"showParticleSystems":true},"in2DMode":false,"pivot":{"x":19.567230224609376,"y":111.62825775146485,"z":65.55876159667969},"rotation":{"x":-0.15737375617027284,"y":-0.17177964746952058,"z":0.02781148999929428,"w":-0.9720863103866577},"size":463.79254150390627,"orthographic":false}