{"cameraMode":{"drawMode":0,"name":"Shaded","section":"Shading Mode"},"sceneLighting":true,"audioPlay":false,"sceneViewState":{"showFog":true,"showMaterialUpdate":false,"showSkybox":true,"showFlares":true,"showImageEffects":true,"showParticleSystems":true},"in2DMode":false,"pivot":{"x":353.5670166015625,"y":100.64999389648438,"z":121.96165466308594},"rotation":{"x":0.2838928997516632,"y":-0.030188733711838723,"z":0.00898337084800005,"w":0.9583386182785034},"size":238.79934692382813,"orthographic":true}