{"cameraMode":{"drawMode":0,"name":"Shaded","section":"Shading Mode"},"sceneLighting":true,"audioPlay":false,"sceneViewState":{"showFog":true,"showMaterialUpdate":false,"showSkybox":true,"showFlares":true,"showImageEffects":true,"showParticleSystems":true},"in2DMode":false,"pivot":{"x":355.2814025878906,"y":4.92930793762207,"z":86.5202407836914},"rotation":{"x":-0.23987020552158357,"y":-0.03614338859915733,"z":0.008936982601881028,"w":-0.9700908064842224},"size":9.260482788085938,"orthographic":false}