{"cameraMode":{"drawMode":0,"name":"Shaded","section":"Shading Mode"},"sceneLighting":false,"audioPlay":false,"sceneViewState":{"showFog":true,"showMaterialUpdate":false,"showSkybox":true,"showFlares":true,"showImageEffects":true,"showParticleSystems":true},"in2DMode":false,"pivot":{"x":0.0000011920928955078126,"y":1.000000238418579,"z":2.384185791015625e-7},"rotation":{"x":0.08237962424755097,"y":-0.02541041001677513,"z":0.0021011452190577986,"w":0.9962748885154724},"size":14.929780960083008,"orthographic":false}