{"cameraMode":{"drawMode":0,"name":"Shaded","section":"Shading Mode"},"sceneLighting":false,"audioPlay":false,"sceneViewState":{"showFog":true,"showMaterialUpdate":false,"showSkybox":true,"showFlares":true,"showImageEffects":true,"showParticleSystems":true},"in2DMode":false,"pivot":{"x":-10.530921936035157,"y":-7.079999923706055,"z":4.555440902709961},"rotation":{"x":0.21450960636138917,"y":0.6570580005645752,"z":-0.20326656103134156,"w":0.6935006380081177},"size":31.455778121948243,"orthographic":false}