{"cameraMode":{"drawMode":0,"name":"Shaded","section":"Shading Mode"},"sceneLighting":true,"audioPlay":false,"sceneViewState":{"showFog":true,"showMaterialUpdate":false,"showSkybox":true,"showFlares":true,"showImageEffects":true,"showParticleSystems":true},"in2DMode":false,"pivot":{"x":-63.63219451904297,"y":5.358786582946777,"z":-5.891575813293457},"rotation":{"x":-0.010929198935627938,"y":-0.9805293679237366,"z":0.1875583678483963,"w":-0.057135336101055148},"size":35.224998474121097,"orthographic":true}