{"cameraMode":{"drawMode":0,"name":"Shaded","section":"Shading Mode"},"sceneLighting":false,"audioPlay":false,"sceneViewState":{"showFog":true,"showMaterialUpdate":false,"showSkybox":true,"showFlares":true,"showImageEffects":true,"showParticleSystems":true},"in2DMode":false,"pivot":{"x":-0.0000019073486328125,"y":-9.5367431640625e-7,"z":0.7499995231628418},"rotation":{"x":-0.270465612411499,"y":-0.19587084650993348,"z":0.056303396821022037,"w":-0.9409106373786926},"size":70.4382095336914,"orthographic":false}