{"cameraMode":{"drawMode":0,"name":"Shaded","section":"Shading Mode"},"sceneLighting":false,"audioPlay":false,"sceneViewState":{"showFog":true,"showMaterialUpdate":false,"showSkybox":true,"showFlares":true,"showImageEffects":true,"showParticleSystems":true},"in2DMode":false,"pivot":{"x":-0.5,"y":3.1700000762939455,"z":3.240000009536743},"rotation":{"x":-0.19082233309745789,"y":-0.0014726301888003946,"z":0.0002862234541680664,"w":-0.9816234707832336},"size":2.865267515182495,"orthographic":false}