{"cameraMode":{"drawMode":0,"name":"Shaded","section":"Shading Mode"},"sceneLighting":true,"audioPlay":false,"sceneViewState":{"showFog":true,"showMaterialUpdate":false,"showSkybox":true,"showFlares":true,"showImageEffects":true,"showParticleSystems":true},"in2DMode":false,"pivot":{"x":261.2220458984375,"y":-24.586013793945314,"z":201.89080810546876},"rotation":{"x":0.30770477652549746,"y":-0.026496298611164094,"z":0.008572228252887726,"w":0.9510743021965027},"size":332.7552185058594,"orthographic":false}