{"cameraMode":{"drawMode":0,"name":"Shaded","section":"Shading Mode"},"sceneLighting":false,"audioPlay":false,"sceneViewState":{"showFog":true,"showMaterialUpdate":false,"showSkybox":true,"showFlares":true,"showImageEffects":true,"showParticleSystems":true},"in2DMode":false,"pivot":{"x":143.06448364257813,"y":2.6999998092651369,"z":19.220653533935548},"rotation":{"x":0.22569729387760163,"y":0.1483764946460724,"z":-0.034803442656993869,"w":0.9622026681900024},"size":15.718361854553223,"orthographic":false}