{"cameraMode":{"drawMode":0,"name":"Shaded","section":"Shading Mode"},"sceneLighting":false,"audioPlay":false,"sceneViewState":{"showFog":true,"showMaterialUpdate":false,"showSkybox":true,"showFlares":true,"showImageEffects":true,"showParticleSystems":true},"in2DMode":false,"pivot":{"x":-3.4295554161071779,"y":0.5000001192092896,"z":3.2219011783599855},"rotation":{"x":-0.05683942139148712,"y":0.06733924150466919,"z":0.003842501202598214,"w":0.9961023926734924},"size":2.865267753601074,"orthographic":false}