{"cameraMode":{"drawMode":0,"name":"Shaded","section":"Shading Mode"},"sceneLighting":false,"audioPlay":false,"sceneViewState":{"showFog":true,"showMaterialUpdate":false,"showSkybox":true,"showFlares":true,"showImageEffects":true,"showParticleSystems":true},"in2DMode":false,"pivot":{"x":-2.2699999809265138,"y":0.4999999701976776,"z":0.19021648168563844},"rotation":{"x":-0.3751406967639923,"y":-0.16903480887413026,"z":0.06978093087673187,"w":-0.9087504148483276},"size":3.45867919921875,"orthographic":false}